<?xml version="1.0" encoding="UTF-8" standalone="yes"?>
    <itens>
        <id>2</id>
        <item>
            <formato>EBOOK</formato>
            <quantidade>1</quantidade>
            <livro>
                <codigo>ARQ</codigo>
                <titulo>Introdução à Arquitetura e Design de Software</titulo>
                <tituloCurto>Arquitetura Java</tituloCurto>
                <nomeAutor>Paulo Silveira</nomeAutor>
                <valorEbook>29.90</valorEbook>
                <valorImpresso>79.90</valorImpresso>
            </livro>
        </item>
    </itens>
