<?xml version="1.0" encoding="UTF-8" standalone="yes"?>
    <itens>
    	<id>4</id>
        <item>
            <formato>EBOOK</formato>
            <quantidade>1</quantidade>
            <livro>
                <codigo>SOA</codigo>
                <titulo>SOA aplicado: Integrando com web services e além</titulo>
                <tituloCurto>SOA</tituloCurto>
                <nomeAutor>Alexandre Saudate</nomeAutor>
                <valorEbook>29.90</valorEbook>
                <valorImpresso>59.90</valorImpresso>
            </livro>
        </item>
    </itens>
